press1,press2,press3,press4
0.0,0.3501830188136353,0.6437093320070207,1.0
0.0,0.3788921362806844,0.6597851232865435,1.0
0.0,0.41363273976341886,0.6963804757027304,1.0
