press1,press2,press3,press4
0.0,0.2311069615293253,0.7345352227898065,1.0
0.0,0.25293132763557047,0.7508829159228103,1.0
