press1,press2,press3,press4
0.0,0.24207680575915952,0.6904034524655691,1.0
0.0,0.296933607475236,0.6546907147871659,1.0
0.0,0.29690017805108126,0.6759842134837862,1.0
0.0,0.26186981647427054,0.6794891642627466,1.0
