press1,press2,press3,press4
0.0,0.2735970120871161,0.5513271897081101,1.0
0.0,0.20634923583128018,0.7102761817288592,1.0
0.0,0.16467133479057836,0.6054434100239404,1.0
0.0,0.15633493032512585,0.5464042961610389,1.0
